{
	"id": "lib-mathjs",
	"title": "Math.js",
	"description": "LIBRARY: Math.js - This module is just a dependency for other modules and does not offer any functionality on its own. This module includes the popular Math.js library.",
	"version": "7.5.2",
	"library": true,
	"authors": [
		{
			"name": "The League of Extraodinary FVTT Developers",
			"url": "https://github.com/League-of-Foundry-Developers"
		},
		{
			"name": "Jos de Jong",
			"url": "https://mathjs.org/"
		}
	],
	"compatibility": {
		"minimum": "6",
		"verified": "10"
	  },
	"scripts": [
		"math.min.js"
	],
	"manifest": "https://raw.githubusercontent.com/TooSoonForThePelle/mathjs-lib/master/module.json",
	"url": "https://github.com/League-of-Foundry-Developers/mathjs-lib",
	"download": "https://github.com/TooSoonForThePelle/mathjs-lib/blob/master/mathjs-lib.zip",
	"media": [
		{
			"type": "icon",
			"link": "https://mathjs.org/css/img/mathjs_330x100.png"
		}
	]
}
